"BINSIZE","BID","FROM","TO","SIZE","COVERAGE","LENGTH","r","r.all","region.1","region.2","region.3"
3600,1,1215736560,1215740160,3600,3600,3600,0.0013991232161179,1,0,0,1
3600,2,1215740160,1215743760,3600,3600,3600,0.0013991232161179,1,0,0,1
3600,3,1215743760,1215747360,3600,3600,3600,0.0013991232161179,1,0,0,1
3600,4,1215747360,1215750960,3600,3600,3600,0.0013991232161179,1,0,0,1
3600,5,1215750960,1215754560,3600,3600,3600,0.0013991232161179,1,0,0,1
3600,6,1215754560,1215758160,3600,3600,3600,0.0013991232161179,1,0,0,1
3600,7,1215758160,1215761760,3600,3600,3600,0.0013991232161179,1,0,0,1
3600,8,1215761760,1215765360,3600,3600,3600,0.0013991232161179,1,0,0,1
3600,9,1215765360,1215768960,3600,3600,3600,0.0013991232161179,1,0,0,1
3600,10,1215768960,1215772560,3600,3600,3600,0.0013991232161179,1,0,0,1
3600,11,1215772560,1215776160,3600,3600,3600,0.0013991232161179,1,0,0,1
3600,12,1215776160,1215779760,3600,3600,3600,0.0013991232161179,1,0,0,1
3600,13,1215779760,1215783360,3600,3600,3600,0.0013991232161179,1,0,0,1
3600,14,1215783360,1215786960,3600,3600,3600,0.0013991232161179,1,0,0,1
3600,15,1215786960,1215790560,3600,3600,3600,0.0013991232161179,1,0,0,1
3600,16,1215790560,1215794160,3600,3600,3600,0.0013991232161179,1,0,0,1
3600,17,1215794160,1215797760,3600,3600,3600,0.0013991232161179,1,0,0,1
3600,18,1215797760,1215801360,3600,3600,3600,0.0013991232161179,1,0,0,1
3600,19,1215801360,1215804960,3600,3600,3600,0.0013991232161179,1,0,0,1
3600,20,1215804960,1215808560,3600,3600,3840,1.00139912321612,2,0,0,2
3600,21,1215808560,1215812160,3600,3600,3600,0.0013991232161179,1,0,0,1
3600,22,1215812160,1215815760,3600,3600,3600,0.0013991232161179,1,0,0,1
3600,23,1215815760,1215819360,3600,3600,3600,0.0013991232161179,1,0,0,1
3600,24,1215819360,1215822960,3600,3600,3600,0.0013991232161179,1,0,0,1
3600,25,1215822960,1215826560,3600,3600,3600,0.0013991232161179,1,0,0,1
3600,26,1215826560,1215830160,3600,3600,3600,0.0013991232161179,1,0,0,1
3600,27,1215830160,1215833760,3600,3600,3600,0.0013991232161179,1,0,0,1
3600,28,1215833760,1215837360,3600,3600,3600,0.0013991232161179,1,0,0,1
3600,29,1215837360,1215840960,3600,3600,3600,0.0013991232161179,1,0,0,1
3600,30,1215840960,1215844560,3600,3600,3600,0.0013991232161179,1,0,0,1
3600,31,1215844560,1215848160,3600,3600,3600,0.0013991232161179,1,0,0,1
3600,32,1215848160,1215851760,3600,3600,3600,0.0013991232161179,1,0,0,1
3600,33,1215851760,1215855360,3600,3600,3600,0.0013991232161179,1,0,0,1
3600,34,1215855360,1215858960,3600,3600,3600,0.0013991232161179,1,0,0,1
3600,35,1215858960,1215862560,3600,3600,3600,0.0013991232161179,1,0,0,1
3600,36,1215862560,1215866160,3600,3600,3600,0.0013991232161179,1,0,0,1
3600,37,1215866160,1215869760,3600,3600,5820,0.364144221255334,2,0,0,2
3600,38,1215869760,1215873360,3600,3600,7200,0.589634417333765,2,0,0,2
3600,39,1215873360,1215876960,3600,3600,3900,0.0504187310592552,2,0,0,2
3600,40,1215876960,1215880560,3600,3600,3600,0.0013991232161179,1,0,0,1
3600,41,1215880560,1215884160,3600,3600,3600,0.0013991232161179,1,0,0,1
3600,42,1215884160,1215887760,3600,3600,3600,0.0013991232161179,1,0,0,1
3600,43,1215887760,1215891360,3600,3600,3600,0.0013991232161179,1,0,0,1
3600,44,1215891360,1215894960,3600,3600,3600,0.0013991232161179,1,0,0,1
3600,45,1215894960,1215898560,3600,3600,3600,0.0013991232161179,1,0,0,1
3600,46,1215898560,1215902160,3600,3600,3600,0.0013991232161179,1,0,0,1
3600,47,1215902160,1215905760,3600,3600,3600,0.0013991232161179,1,0,0,1
3600,48,1215905760,1215909360,3600,3600,3600,0.0013991232161179,1,0,0,1
3600,49,1215909360,1215912960,3600,3600,3600,0.0013991232161179,1,0,0,1
3600,50,1215912960,1215916560,3600,3600,3600,0.0013991232161179,1,0,0,1
3600,51,1215916560,1215920160,3600,3600,3600,0.0013991232161179,1,0,0,1
3600,52,1215920160,1215923760,3600,3600,3600,0.0013991232161179,1,0,0,1
3600,53,1215923760,1215927360,3600,3600,3600,0.0013991232161179,1,0,0,1
3600,54,1215927360,1215930960,3600,3600,4020,0.876399123216118,2,0,1,1
3600,55,1215930960,1215934560,3600,3600,8040,1.83549804368318,5,0,2,3
3600,56,1215934560,1215938160,3600,3600,8760,0.382187843198493,3,0,1,2
3600,57,1215938160,1215941760,3600,3600,7200,0.0763054902573164,2,0,1,1
3600,58,1215941760,1215945360,3600,3600,7200,0.0763054902573164,2,0,1,1
3600,59,1215945360,1215948960,3600,3600,7320,1.07630549025732,3,0,1,2
3600,60,1215948960,1215952560,3600,3600,7200,0.0763054902573164,2,0,1,1
3600,61,1215952560,1215956160,3600,3600,10680,0.101017889064304,3,0,1,2
3600,62,1215956160,1215959760,3600,3600,10800,0.101870040747304,3,0,1,2
3600,63,1215959760,1215963360,3600,3600,10860,1.1018700407473,4,0,2,2
3600,64,1215963360,1215966960,3600,3600,10800,0.101870040747304,3,0,1,2
3600,65,1215966960,1215970560,3600,3600,10800,0.101870040747304,3,0,1,2
3600,66,1215970560,1215974160,3600,3600,10800,0.101870040747304,3,0,1,2
3600,67,1215974160,1215977760,3600,3600,12000,1.10658179241027,5,0,2,3
3600,68,1215977760,1215981360,3600,3600,14400,0.118499752498967,4,0,1,3
3600,69,1215981360,1215984960,3600,3600,14400,0.0681836217393996,5,0,1,4
3600,70,1215984960,1215988560,3600,3600,14400,0.0593043045465348,4,0,0,4
3600,71,1215988560,1215992160,3600,3600,14400,0.0593043045465348,4,0,0,4
3600,72,1215992160,1215995760,3600,3600,14400,0.0593043045465348,4,0,0,4
3600,73,1215995760,1215999360,3600,3600,14400,0.0593043045465348,4,0,0,4
3600,74,1215999360,1216002960,3600,3600,14400,0.0593043045465348,4,0,0,4
3600,75,1216002960,1216006560,3600,3600,14400,0.0593043045465348,4,0,0,4
3600,76,1216006560,1216010160,3600,3600,14400,0.0593043045465348,4,0,0,4
3600,77,1216010160,1216013760,3600,3600,14400,0.0593043045465348,4,0,0,4
3600,78,1216013760,1216017360,3600,3600,14400,0.0593043045465348,4,0,0,4
3600,79,1216017360,1216020960,3600,3600,15840,0.0866391564827535,5,0,1,4
3600,80,1216020960,1216024560,3600,3600,18000,0.127641434387081,5,0,1,4
3600,81,1216024560,1216028160,3600,3600,18000,0.127641434387081,5,0,1,4
3600,82,1216028160,1216031760,3600,3600,18000,0.127641434387081,5,0,1,4
3600,83,1216031760,1216035360,3600,3600,18000,0.127641434387081,5,0,1,4
3600,84,1216035360,1216038960,3600,3600,18000,0.127641434387081,5,0,1,4
3600,85,1216038960,1216042560,3600,3600,18360,1.12841007389515,7,0,2,5
3600,86,1216042560,1216046160,3600,3600,21600,0.143014224548496,6,0,1,5
3600,87,1216046160,1216049760,3600,3600,21600,0.143014224548496,6,0,1,5
3600,88,1216049760,1216053360,3600,3600,21600,0.143014224548496,6,0,1,5
3600,89,1216053360,1216056960,3600,3600,21600,0.143014224548496,6,0,1,5
3600,90,1216056960,1216060560,3600,3600,21600,0.143014224548496,6,0,1,5
3600,91,1216060560,1216064160,3600,3600,21600,0.143014224548496,6,0,1,5
3600,92,1216064160,1216067760,3600,3600,21600,0.143014224548496,6,0,1,5
3600,93,1216067760,1216071360,3600,3600,21600,0.143014224548496,6,0,1,5
3600,94,1216071360,1216074960,3600,3600,21600,0.154689277371765,7,0,1,6
3600,95,1216074960,1216078560,3600,3600,21720,0.162088708164131,7,0,0,7
3600,96,1216078560,1216082160,3600,3600,25200,0.273627169702592,7,0,0,7
3600,97,1216082160,1216085760,3600,3600,25200,0.273627169702592,7,0,0,7
3600,98,1216085760,1216089360,3600,3600,25200,0.273627169702592,7,0,0,7
3600,99,1216089360,1216092960,3600,3600,25200,0.273627169702592,7,0,0,7
3600,100,1216092960,1216096560,3600,3600,22140,0.251897301786103,7,0,0,7
3600,101,1216096560,1216100160,3600,3600,21600,0.248062619212605,6,0,0,6
3600,102,1216100160,1216103760,3600,3600,21600,0.248062619212605,6,0,0,6
3600,103,1216103760,1216107360,3600,3600,21660,1.24806261921261,7,0,1,6
3600,104,1216107360,1216110960,3600,3600,20280,0.205754926904913,6,0,0,6
3600,105,1216110960,1216114560,3600,3600,18000,0.13267800382799,5,0,0,5
3600,106,1216114560,1216118160,3600,3600,15120,0.0658256361399674,5,0,0,5
3600,107,1216118160,1216121760,3600,3600,14400,0.0491125442179619,4,0,0,4
3600,108,1216121760,1216125360,3600,3600,14400,0.0491125442179619,4,0,0,4
3600,109,1216125360,1216128960,3600,3600,14400,0.0491125442179619,4,0,0,4
3600,110,1216128960,1216132560,3600,3600,14400,0.0491125442179619,4,0,0,4
3600,111,1216132560,1216136160,3600,3600,14400,0.0491125442179619,4,0,0,4
3600,112,1216136160,1216139760,3600,3600,14400,0.0491125442179619,4,0,0,4
3600,113,1216139760,1216143360,3600,3600,14400,0.0491125442179619,4,0,0,4
3600,114,1216143360,1216146960,3600,3600,14400,0.0491125442179619,4,0,0,4
3600,115,1216146960,1216150560,3600,3600,14400,0.0491125442179619,4,0,0,4
3600,116,1216150560,1216154160,3600,3600,14400,0.0491125442179619,4,0,0,4
3600,117,1216154160,1216157760,3600,3600,14400,0.0491125442179619,4,0,0,4
3600,118,1216157760,1216161360,3600,3600,14400,0.0491125442179619,4,0,0,4
3600,119,1216161360,1216164960,3600,3600,14400,0.0491125442179619,4,0,0,4
3600,120,1216164960,1216168560,3600,3600,14400,0.0491125442179619,4,0,0,4
3600,121,1216168560,1216172160,3600,3600,14400,0.0491125442179619,4,0,0,4
3600,122,1216172160,1216175760,3600,3600,14400,0.0491125442179619,4,0,0,4
3600,123,1216175760,1216179360,3600,3600,14400,0.0491125442179619,4,0,0,4
3600,124,1216179360,1216182960,3600,3600,14400,0.0491125442179619,4,0,0,4
3600,125,1216182960,1216186560,3600,3600,14400,0.0491125442179619,4,0,0,4
3600,126,1216186560,1216190160,3600,3600,14400,0.0491125442179619,4,0,0,4
3600,127,1216190160,1216193760,3600,3600,14400,0.0498323731694981,5,0,1,4
3600,128,1216193760,1216197360,3600,3600,14400,0.0539114038948703,4,0,1,3
3600,129,1216197360,1216200960,3600,3600,14400,0.0539114038948703,4,0,1,3
3600,130,1216200960,1216204560,3600,3600,14400,0.0539114038948703,4,0,1,3
3600,131,1216204560,1216208160,3600,3600,14400,0.0539114038948703,4,0,1,3
3600,132,1216208160,1216211760,3600,3600,14400,0.0549243447308566,5,0,2,3
3600,133,1216211760,1216215360,3600,3600,14400,0.0589761080748017,4,0,2,2
3600,134,1216215360,1216218960,3600,3600,14400,0.0589761080748017,4,0,2,2
3600,135,1216218960,1216222560,3600,3600,14400,0.0589761080748017,4,0,2,2
3600,136,1216222560,1216226160,3600,3600,14400,0.0589761080748017,4,0,2,2
3600,137,1216226160,1216229760,3600,3600,14400,0.0589761080748017,4,0,2,2
3600,138,1216229760,1216233360,3600,3600,14400,0.0589761080748017,4,0,2,2
3600,139,1216233360,1216236960,3600,3600,14400,0.0589761080748017,4,0,2,2
3600,140,1216236960,1216240560,3600,3600,14400,0.0589761080748017,4,0,2,2
3600,141,1216240560,1216244160,3600,3600,14400,0.0589761080748017,4,0,2,2
3600,142,1216244160,1216247760,3600,3600,16620,0.194507243605937,5,0,3,2
3600,143,1216247760,1216251360,3600,3600,18000,0.278756327855021,5,0,3,2
3600,144,1216251360,1216254960,3600,3600,18000,0.278756327855021,5,0,3,2
3600,145,1216254960,1216258560,3600,3600,20820,0.280002483332803,6,0,4,2
3600,146,1216258560,1216262160,3600,3600,21360,0.265695149983153,6,0,4,2
3600,147,1216262160,1216265760,3600,3600,19320,1.07267767149855,7,0,4,3
3600,148,1216265760,1216269360,3600,3600,23040,0.107751224096817,8,0,5,3
3600,149,1216269360,1216272960,3600,3600,30900,1.19218086912853,10,0,6,4
3600,150,1216272960,1216276560,3600,3600,33600,0.195801070521566,10,0,6,4
3600,151,1216276560,1216280160,3600,3600,38820,1.65134417518475,12,0,8,4
3600,152,1216280160,1216283760,3600,3600,42840,1.78295327316759,13,0,8,5
3600,153,1216283760,1216287360,3600,3600,40200,0.348405527546761,12,0,7,5
3600,154,1216287360,1216290960,3600,3600,39600,0.261449005807631,11,0,7,4
3600,155,1216290960,1216294560,3600,3600,39600,0.261449005807631,11,0,7,4
3600,156,1216294560,1216298160,3600,3600,39600,0.261449005807631,11,0,7,4
3600,157,1216298160,1216301760,3600,3600,39600,0.261449005807631,11,0,7,4
3600,158,1216301760,1216305360,3600,3600,39600,0.261449005807631,11,0,7,4
3600,159,1216305360,1216308960,3600,3600,38880,0.243156322880801,11,0,7,4
3600,160,1216308960,1216312560,3600,3600,36000,0.169985591173484,10,0,7,3
3600,161,1216312560,1216316160,3600,3600,36000,0.169985591173484,10,0,7,3
3600,162,1216316160,1216319760,3600,3600,36000,0.169985591173484,10,0,7,3
3600,163,1216319760,1216323360,3600,3600,34980,0.147705119351728,10,0,7,3
3600,164,1216323360,1216326960,3600,3600,34440,0.140695511338139,10,0,6,4
3600,165,1216326960,1216330560,3600,3600,36000,0.178431360394742,10,0,6,4
3600,166,1216330560,1216334160,3600,3600,39180,0.179885885890104,11,0,6,5
3600,167,1216334160,1216337760,3600,3600,39600,0.180077993031001,11,0,6,5
3600,168,1216337760,1216341360,3600,3600,39600,0.180077993031001,11,0,6,5
3600,169,1216341360,1216344960,3600,3600,39600,0.180077993031001,11,0,6,5
3600,170,1216344960,1216348560,3600,3600,39600,0.180077993031001,11,0,6,5
3600,171,1216348560,1216352160,3600,3600,39600,0.180077993031001,11,0,6,5
3600,172,1216352160,1216355760,3600,3600,39600,0.180077993031001,11,0,6,5
3600,173,1216355760,1216359360,3600,3600,39600,0.180077993031001,11,0,6,5
3600,174,1216359360,1216362960,3600,3600,40260,2.13638751684053,13,0,7,6
3600,175,1216362960,1216366560,3600,3600,39300,0.356237488793393,12,0,6,6
3600,176,1216366560,1216370160,3600,3600,36000,0.233313847941457,11,0,6,5
3600,177,1216370160,1216373760,3600,3600,36000,0.217826520505935,10,0,5,5
3600,178,1216373760,1216377360,3600,3600,36000,0.217826520505935,10,0,5,5
3600,179,1216377360,1216380960,3600,3600,36000,0.217826520505935,10,0,5,5
3600,180,1216380960,1216384560,3600,3600,37680,2.2222269058368,14,0,6,8
3600,181,1216384560,1216388160,3600,3600,36000,0.302589608511,10,0,3,7
3600,182,1216388160,1216391760,3600,3600,36000,0.302589608511,10,0,3,7
3600,183,1216391760,1216395360,3600,3600,36000,0.302589608511,10,0,3,7
3600,184,1216395360,1216398960,3600,3600,36000,0.302589608511,10,0,3,7
3600,185,1216398960,1216402560,3600,3600,36000,0.302589608511,10,0,3,7
3600,186,1216402560,1216406160,3600,3600,34980,0.255103574991447,10,0,3,7
3600,187,1216406160,1216409760,3600,3600,32400,0.134991843147872,9,0,3,6
3600,188,1216409760,1216413360,3600,3600,32400,0.134991843147872,9,0,3,6
3600,189,1216413360,1216416960,3600,3600,32400,0.118287087214503,10,0,4,6
3600,190,1216416960,1216420560,3600,3600,32400,0.034763307547659,9,0,4,5
3600,191,1216420560,1216424160,3600,3600,32400,0.034763307547659,9,0,4,5
3600,192,1216424160,1216427760,3600,3600,32400,0.034763307547659,9,0,4,5
3600,193,1216427760,1216431360,3600,3600,32400,0.034763307547659,9,0,4,5
3600,194,1216431360,1216434960,3600,3600,32400,0.034763307547659,9,0,4,5
3600,195,1216434960,1216438560,3600,3600,32400,0.034763307547659,9,0,4,5
3600,196,1216438560,1216442160,3600,3600,32400,0.034763307547659,9,0,4,5
3600,197,1216442160,1216445760,3600,3600,32400,0.034763307547659,9,0,4,5
3600,198,1216445760,1216449360,3600,3600,32400,0.034763307547659,9,0,4,5
3600,199,1216449360,1216452960,3600,3600,32400,0.034763307547659,9,0,4,5
3600,200,1216452960,1216456560,3600,3600,32400,0.034763307547659,9,0,4,5
3600,201,1216456560,1216460160,3600,3600,32400,0.034763307547659,9,0,4,5
3600,202,1216460160,1216463760,3600,3600,32400,0.034763307547659,9,0,4,5
3600,203,1216463760,1216467360,3600,3600,32400,0.034763307547659,9,0,4,5
3600,204,1216467360,1216470960,3600,3600,32400,0.034763307547659,9,0,4,5
3600,205,1216470960,1216474560,3600,3600,32400,0.034763307547659,9,0,4,5
3600,206,1216474560,1216478160,3600,3600,32400,0.034763307547659,9,0,4,5
3600,207,1216478160,1216481760,3600,3600,32400,0.034763307547659,9,0,4,5
3600,208,1216481760,1216485360,3600,3600,32400,0.034763307547659,9,0,4,5
3600,209,1216485360,1216488960,3600,3600,32400,0.034763307547659,9,0,4,5
3600,210,1216488960,1216492560,3600,3600,32400,0.034763307547659,9,0,4,5
3600,211,1216492560,1216496160,3600,3600,32400,0.034763307547659,9,0,4,5
3600,212,1216496160,1216499760,3600,3600,32400,0.034763307547659,9,0,4,5
3600,213,1216499760,1216503360,3600,3600,32400,0.034763307547659,9,0,4,5
3600,214,1216503360,1216506960,3600,3600,32400,0.034763307547659,9,0,4,5
3600,215,1216506960,1216510560,3600,3600,32400,0.034763307547659,9,0,4,5
3600,216,1216510560,1216514160,3600,3600,32400,0.034763307547659,9,0,4,5
3600,217,1216514160,1216517760,3600,3600,32400,0.034763307547659,9,0,4,5
3600,218,1216517760,1216521360,3600,3600,32400,0.034763307547659,9,0,4,5
3600,219,1216521360,1216524960,3600,3600,32400,0.034763307547659,9,0,4,5
3600,220,1216524960,1216528560,3600,3600,32400,0.034763307547659,9,0,4,5
3600,221,1216528560,1216532160,3600,3600,32400,0.034763307547659,9,0,4,5
3600,222,1216532160,1216535760,3600,3600,32400,0.034763307547659,9,0,4,5
3600,223,1216535760,1216539360,3600,3600,32400,0.034763307547659,9,0,4,5
3600,224,1216539360,1216542960,3600,3600,32400,0.034763307547659,9,0,4,5
3600,225,1216542960,1216546560,3600,3600,32400,0.034763307547659,9,0,4,5
3600,226,1216546560,1216550160,3600,3600,32400,0.034763307547659,9,0,4,5
3600,227,1216550160,1216553760,3600,3600,32400,0.034763307547659,9,0,4,5
3600,228,1216553760,1216557360,3600,3600,32400,0.034763307547659,9,0,4,5
3600,229,1216557360,1216560960,3600,3600,32400,0.034763307547659,9,0,4,5
3600,230,1216560960,1216564560,3600,3600,32400,0.034763307547659,9,0,4,5
3600,231,1216564560,1216568160,3600,3600,32400,0.034763307547659,9,0,4,5
3600,232,1216568160,1216571760,3600,3600,32400,0.034763307547659,9,0,4,5
3600,233,1216571760,1216575360,3600,3600,32400,0.034763307547659,9,0,4,5
3600,234,1216575360,1216578960,3600,3600,32400,0.034763307547659,9,0,4,5
3600,235,1216578960,1216582560,3600,3600,32400,0.034763307547659,9,0,4,5
3600,236,1216582560,1216586160,3600,3600,32400,0.034763307547659,9,0,4,5
3600,237,1216586160,1216589760,3600,3600,32400,0.034763307547659,9,0,4,5
3600,238,1216589760,1216593360,3600,3600,32400,0.034763307547659,9,0,4,5
3600,239,1216593360,1216596960,3600,3600,32400,0.034763307547659,9,0,4,5
3600,240,1216596960,1216600560,3600,3600,32400,0.034763307547659,9,0,4,5
3600,241,1216600560,1216604160,3600,3600,32400,0.034763307547659,9,0,4,5
3600,242,1216604160,1216607760,3600,3600,32400,0.034763307547659,9,0,4,5
3600,243,1216607760,1216611360,3600,3600,32400,0.034763307547659,9,0,4,5
3600,244,1216611360,1216614960,3600,3600,32400,0.034763307547659,9,0,4,5
3600,245,1216614960,1216618560,3600,3600,32400,0.034763307547659,9,0,4,5
3600,246,1216618560,1216622160,3600,3600,32400,0.034763307547659,9,0,4,5
3600,247,1216622160,1216625760,3600,3600,32400,0.034763307547659,9,0,4,5
3600,248,1216625760,1216629360,3600,3600,32400,0.034763307547659,9,0,4,5
3600,249,1216629360,1216632960,3600,3600,32400,0.034763307547659,9,0,4,5
3600,250,1216632960,1216636560,3600,3600,32400,0.034763307547659,9,0,4,5
3600,251,1216636560,1216640160,3600,3600,32400,0.034763307547659,9,0,4,5
3600,252,1216640160,1216643760,3600,3600,32400,0.034763307547659,9,0,4,5
3600,253,1216643760,1216647360,3600,3600,32400,0.034763307547659,9,0,4,5
3600,254,1216647360,1216650960,3600,3600,32400,0.034763307547659,9,0,4,5
3600,255,1216650960,1216654560,3600,3600,32400,0.034763307547659,9,0,4,5
3600,256,1216654560,1216658160,3600,3600,32400,0.034763307547659,9,0,4,5
3600,257,1216658160,1216661760,3600,3600,32400,0.034763307547659,9,0,4,5
3600,258,1216661760,1216665360,3600,3600,32400,0.034763307547659,9,0,4,5
3600,259,1216665360,1216668960,3600,3600,32400,0.034763307547659,9,0,4,5
3600,260,1216668960,1216672560,3600,3600,32400,0.034763307547659,9,0,4,5
3600,261,1216672560,1216676160,3600,3600,32400,0.034763307547659,9,0,4,5
3600,262,1216676160,1216679760,3600,3600,35940,0.0520349703111251,10,0,4,6
3600,263,1216679760,1216683360,3600,3600,36000,0.0523277103579635,10,0,4,6
3600,264,1216683360,1216686960,3600,3600,36000,0.0523277103579635,10,0,4,6
3600,265,1216686960,1216690560,3600,3600,36360,1.05232771035796,11,0,5,6
3600,266,1216690560,1216694160,3600,3600,36000,0.0523277103579635,10,0,4,6
3600,267,1216694160,1216697760,3600,3600,36000,0.0523277103579635,10,0,4,6
3600,268,1216697760,1216701360,3600,3600,38820,1.0536212157576,12,0,5,7
3600,269,1216701360,1216704960,3600,3600,39600,0.0541326016132653,11,0,4,7
3600,270,1216704960,1216708560,3600,3600,39600,0.0541326016132653,11,0,4,7
3600,271,1216708560,1216712160,3600,3600,41220,0.089658917402739,12,0,4,8
3600,272,1216712160,1216715760,3600,3600,43200,0.271834899107232,13,0,4,9
3600,273,1216715760,1216719360,3600,3600,43200,0.322291236951927,12,0,3,9
3600,274,1216719360,1216722960,3600,3600,43200,0.322291236951927,12,0,3,9
3600,275,1216722960,1216726560,3600,3600,43200,0.322291236951927,12,0,3,9
3600,276,1216726560,1216730160,3600,3600,43200,0.322291236951927,12,0,3,9
3600,277,1216730160,1216733760,3600,3600,43200,0.208781396333,13,0,4,9
3600,278,1216733760,1216737360,3600,3600,43200,0.174234923101152,12,0,4,8
3600,279,1216737360,1216740960,3600,3600,43200,0.174234923101152,12,0,4,8
3600,280,1216740960,1216744560,3600,3600,43200,0.174234923101152,12,0,4,8
3600,281,1216744560,1216748160,3600,3600,43200,0.174234923101152,12,0,4,8
3600,282,1216748160,1216751760,3600,3600,43200,0.174234923101152,12,0,4,8
3600,283,1216751760,1216755360,3600,3600,43200,0.174234923101152,12,0,4,8
3600,284,1216755360,1216758960,3600,3600,43200,0.141639862019699,13,0,5,8
3600,285,1216758960,1216762560,3600,3600,43200,0.132624206826957,12,0,5,7
3600,286,1216762560,1216766160,3600,3600,43200,0.132624206826957,12,0,5,7
3600,287,1216766160,1216769760,3600,3600,43200,1.15779171197708,14,0,6,8
3600,288,1216769760,1216773360,3600,3600,43200,0.24100135652185,12,0,5,7
3600,289,1216773360,1216776960,3600,3600,43200,0.24100135652185,12,0,5,7
3600,290,1216776960,1216780560,3600,3600,43200,0.24100135652185,12,0,5,7
3600,291,1216780560,1216784160,3600,3600,43200,0.24100135652185,12,0,5,7
3600,292,1216784160,1216787760,3600,3600,43200,0.24100135652185,12,0,5,7
3600,293,1216787760,1216791360,3600,3600,43200,0.24100135652185,12,0,5,7
3600,294,1216791360,1216794960,3600,3600,43200,0.24100135652185,12,0,5,7
3600,295,1216794960,1216798560,3600,3600,43200,0.24100135652185,12,0,5,7
3600,296,1216798560,1216802160,3600,3600,41460,1.24348129433827,13,1,4,8
3600,297,1216802160,1216805760,3600,3600,39600,0.195311737498191,11,0,3,8
3600,298,1216805760,1216809360,3600,3600,39600,0.195311737498191,11,0,3,8
3600,299,1216809360,1216812960,3600,3600,39600,0.195311737498191,11,0,3,8
3600,300,1216812960,1216816560,3600,3600,41880,0.199827483190407,12,0,4,8
3600,301,1216816560,1216820160,3600,3600,43200,0.202441862275374,12,0,4,8
3600,302,1216820160,1216823760,3600,3600,43200,0.202441862275374,12,0,4,8
3600,303,1216823760,1216827360,3600,3600,43200,0.202441862275374,12,0,4,8
3600,304,1216827360,1216830960,3600,3600,43200,0.148477717917515,13,0,5,8
3600,305,1216830960,1216834560,3600,3600,43200,0.141350378096666,12,0,5,7
3600,306,1216834560,1216838160,3600,3600,43200,0.141350378096666,12,0,5,7
3600,307,1216838160,1216841760,3600,3600,43200,0.141350378096666,12,0,5,7
3600,308,1216841760,1216845360,3600,3600,43200,0.141350378096666,12,0,5,7
3600,309,1216845360,1216848960,3600,3600,43200,0.141350378096666,12,0,5,7
3600,310,1216848960,1216852560,3600,3600,43200,0.141350378096666,12,0,5,7
3600,311,1216852560,1216856160,3600,3600,39600,0.104013725949808,11,0,4,7
3600,312,1216856160,1216859760,3600,3600,42600,0.241000027319671,12,0,5,7
3600,313,1216859760,1216863360,3600,3600,43200,0.268397287593644,12,0,5,7
3600,314,1216863360,1216866960,3600,3600,43200,0.268397287593644,12,0,5,7
3600,315,1216866960,1216870560,3600,3600,45420,1.32358123408194,14,0,6,8
3600,316,1216870560,1216874160,3600,3600,46800,0.368731735754179,13,0,5,8
3600,317,1216874160,1216877760,3600,3600,46800,0.368731735754179,13,0,5,8
3600,318,1216877760,1216881360,3600,3600,44100,0.355676955491898,14,0,6,8
3600,319,1216881360,1216884960,3600,3600,41040,1.07567266018893,12,0,5,7
3600,320,1216884960,1216888560,3600,3600,39600,0.269782188058046,12,0,4,8
3600,321,1216888560,1216892160,3600,3600,39600,0.292739196948559,11,0,3,8
3600,322,1216892160,1216895760,3600,3600,39600,0.292739196948559,11,0,3,8
3600,323,1216895760,1216899360,3600,3600,39600,0.292739196948559,11,0,3,8
3600,324,1216899360,1216902960,3600,3600,39600,0.292739196948559,11,0,3,8
3600,325,1216902960,1216906560,3600,3600,39600,0.235343968362781,12,0,4,8
3600,326,1216906560,1216910160,3600,3600,39600,0.0594593127631642,12,0,5,7
3600,327,1216910160,1216913760,3600,3600,39600,0.0324817000126376,11,0,5,6
3600,328,1216913760,1216917360,3600,3600,39600,0.0324817000126376,11,0,5,6
3600,329,1216917360,1216920960,3600,3600,39600,0.0324817000126376,11,0,5,6
3600,330,1216920960,1216924560,3600,3600,39600,0.0324817000126376,11,0,5,6
3600,331,1216924560,1216928160,3600,3600,43020,0.0777903339182492,13,0,7,6
3600,332,1216928160,1216931760,3600,3600,43200,0.203573757972684,12,0,7,5
3600,333,1216931760,1216935360,3600,3600,43200,0.203573757972684,12,0,7,5
3600,334,1216935360,1216938960,3600,3600,43200,0.203573757972684,12,0,7,5
3600,335,1216938960,1216942560,3600,3600,43200,0.203573757972684,12,0,7,5
3600,336,1216942560,1216946160,3600,3600,43200,0.203573757972684,12,0,7,5
3600,337,1216946160,1216949760,3600,3600,41700,1.11661723623355,13,0,7,6
3600,338,1216949760,1216953360,3600,3600,39600,0.0296607144944228,11,0,6,5
3600,339,1216953360,1216956960,3600,3600,39600,0.0296607144944228,11,0,6,5
3600,340,1216956960,1216960560,3600,3600,39600,0.0296607144944228,11,0,6,5
3600,341,1216960560,1216964160,3600,3600,39600,0.0296607144944228,11,0,6,5
3600,342,1216964160,1216967760,3600,3600,39600,0.0296607144944228,11,0,6,5
3600,343,1216967760,1216971360,3600,3600,39600,0.0296607144944228,11,0,6,5
3600,344,1216971360,1216974960,3600,3600,39600,0.0296607144944228,11,0,6,5
3600,345,1216974960,1216978560,3600,3600,39600,0.0296607144944228,11,0,6,5
3600,346,1216978560,1216982160,3600,3600,39600,0.0296607144944228,11,0,6,5
3600,347,1216982160,1216985760,3600,3600,39600,0.0296607144944228,11,0,6,5
3600,348,1216985760,1216989360,3600,3600,39600,0.0296607144944228,11,0,6,5
3600,349,1216989360,1216992960,3600,3600,39600,0.0296607144944228,11,0,6,5
3600,350,1216992960,1216996560,3600,3600,39600,0.0296607144944228,11,0,6,5
3600,351,1216996560,1217000160,3600,3600,39600,0.0296607144944228,11,0,6,5
3600,352,1217000160,1217003760,3600,3600,39600,0.0296607144944228,11,0,6,5
3600,353,1217003760,1217007360,3600,3600,39600,0.0296607144944228,11,0,6,5
3600,354,1217007360,1217010960,3600,3600,39600,0.0296607144944228,11,0,6,5
3600,355,1217010960,1217014560,3600,3600,39600,0.0296607144944228,11,0,6,5
3600,356,1217014560,1217018160,3600,3600,39600,0.0296607144944228,11,0,6,5
3600,357,1217018160,1217021760,3600,3600,39600,0.0296607144944228,11,0,6,5
3600,358,1217021760,1217025360,3600,3600,39600,0.0296607144944228,11,0,6,5
3600,359,1217025360,1217028960,3600,3600,39600,0.0296607144944228,11,0,6,5
3600,360,1217028960,1217032560,3600,3600,39600,0.0296607144944228,11,0,6,5
3600,361,1217032560,1217036160,3600,3600,39600,0.0296607144944228,11,0,6,5
3600,362,1217036160,1217039760,3600,3600,39600,0.0296607144944228,11,0,6,5
3600,363,1217039760,1217043360,3600,3600,39600,0.0296607144944228,11,0,6,5
3600,364,1217043360,1217046960,3600,3600,39600,0.0296607144944228,11,0,6,5
3600,365,1217046960,1217050560,3600,3600,39600,0.0296607144944228,11,0,6,5
3600,366,1217050560,1217054160,3600,3600,39600,0.0296607144944228,11,0,6,5
3600,367,1217054160,1217057760,3600,3600,39600,0.0296607144944228,11,0,6,5
3600,368,1217057760,1217061360,3600,3600,39600,0.0296607144944228,11,0,6,5
3600,369,1217061360,1217064960,3600,3600,39600,0.0296607144944228,11,0,6,5
3600,370,1217064960,1217068560,3600,3600,39600,0.0296607144944228,11,0,6,5
3600,371,1217068560,1217072160,3600,3600,39600,0.0296607144944228,11,0,6,5
3600,372,1217072160,1217075760,3600,3600,39600,0.0296607144944228,11,0,6,5
3600,373,1217075760,1217079360,3600,3600,39600,0.0296607144944228,11,0,6,5
3600,374,1217079360,1217082960,3600,3600,39600,0.0296607144944228,11,0,6,5
3600,375,1217082960,1217086560,3600,3600,39600,0.0296607144944228,11,0,6,5
3600,376,1217086560,1217090160,3600,3600,39600,0.0296607144944228,11,0,6,5
3600,377,1217090160,1217093760,3600,3600,39600,0.0296607144944228,11,0,6,5
3600,378,1217093760,1217097360,3600,3600,39600,0.0296607144944228,11,0,6,5
3600,379,1217097360,1217100960,3600,3600,39600,0.0296607144944228,11,0,6,5
3600,380,1217100960,1217104560,3600,3600,39600,0.0296607144944228,11,0,6,5
3600,381,1217104560,1217108160,3600,3600,39600,0.0296607144944228,11,0,6,5
3600,382,1217108160,1217111760,3600,3600,39600,0.0296607144944228,11,0,6,5
3600,383,1217111760,1217115360,3600,3600,39600,0.0296607144944228,11,0,6,5
3600,384,1217115360,1217118960,3600,3600,39600,0.0296607144944228,11,0,6,5
3600,385,1217118960,1217122560,3600,3600,39600,0.0296607144944228,11,0,6,5
3600,386,1217122560,1217126160,3600,3600,39600,0.0296607144944228,11,0,6,5
3600,387,1217126160,1217129760,3600,3600,39600,0.0296607144944228,11,0,6,5
3600,388,1217129760,1217133360,3600,3600,39600,0.0296607144944228,11,0,6,5
3600,389,1217133360,1217136960,3600,3600,39600,0.0296607144944228,11,0,6,5
3600,390,1217136960,1217140560,3600,3600,39600,0.0296607144944228,11,0,6,5
3600,391,1217140560,1217144160,3600,3600,39600,0.0296607144944228,11,0,6,5
3600,392,1217144160,1217147760,3600,3600,39600,0.0296607144944228,11,0,6,5
3600,393,1217147760,1217151360,3600,3600,39600,0.0296607144944228,11,0,6,5
3600,394,1217151360,1217154960,3600,3600,39600,0.0296607144944228,11,0,6,5
3600,395,1217154960,1217158560,3600,3600,39600,0.0296607144944228,11,0,6,5
3600,396,1217158560,1217162160,3600,3600,39600,0.0296607144944228,11,0,6,5
3600,397,1217162160,1217165760,3600,3600,39600,0.0296607144944228,11,0,6,5
3600,398,1217165760,1217169360,3600,3600,39600,0.0296607144944228,11,0,6,5
3600,399,1217169360,1217172960,3600,3600,39600,0.0296607144944228,11,0,6,5
3600,400,1217172960,1217176560,3600,3600,39600,0.0296607144944228,11,0,6,5
3600,401,1217176560,1217180160,3600,3600,39600,0.0296607144944228,11,0,6,5
3600,402,1217180160,1217183760,3600,3600,39600,0.0296607144944228,11,0,6,5
3600,403,1217183760,1217187360,3600,3600,39600,0.0296607144944228,11,0,6,5
3600,404,1217187360,1217190960,3600,3600,39600,0.0296607144944228,11,0,6,5
3600,405,1217190960,1217194560,3600,3600,39600,0.0296607144944228,11,0,6,5
3600,406,1217194560,1217198160,3600,3600,39600,0.0296607144944228,11,0,6,5
3600,407,1217198160,1217201760,3600,3600,39600,0.0296607144944228,11,0,6,5
3600,408,1217201760,1217205360,3600,3600,39600,0.0296607144944228,11,0,6,5
3600,409,1217205360,1217208960,3600,3600,39600,0.0296607144944228,11,0,6,5
3600,410,1217208960,1217212560,3600,3600,39600,0.0296607144944228,11,0,6,5
3600,411,1217212560,1217216160,3600,3600,39600,0.0296607144944228,11,0,6,5
3600,412,1217216160,1217219760,3600,3600,39600,0.0296607144944228,11,0,6,5
3600,413,1217219760,1217223360,3600,3600,39600,0.0296607144944228,11,0,6,5
3600,414,1217223360,1217226960,3600,3600,39600,0.0296607144944228,11,0,6,5
3600,415,1217226960,1217230560,3600,3600,39600,0.0296607144944228,11,0,6,5
3600,416,1217230560,1217234160,3600,3600,39600,0.0296607144944228,11,0,6,5
3600,417,1217234160,1217237760,3600,3600,39600,0.0296607144944228,11,0,6,5
3600,418,1217237760,1217241360,3600,3600,39600,0.0296607144944228,11,0,6,5
3600,419,1217241360,1217244960,3600,3600,39600,0.0296607144944228,11,0,6,5
3600,420,1217244960,1217248560,3600,3600,39600,0.0296607144944228,11,0,6,5
3600,421,1217248560,1217252160,3600,3600,39600,0.0296607144944228,11,0,6,5
3600,422,1217252160,1217255760,3600,3600,39600,0.0296607144944228,11,0,6,5
3600,423,1217255760,1217259360,3600,3600,39600,0.0296607144944228,11,0,6,5
3600,424,1217259360,1217262960,3600,3600,39600,0.0296607144944228,11,0,6,5
3600,425,1217262960,1217266560,3600,3600,39600,0.0296607144944228,11,0,6,5
3600,426,1217266560,1217270160,3600,3600,39600,0.0296607144944228,11,0,6,5
3600,427,1217270160,1217273760,3600,3600,39600,0.0296607144944228,11,0,6,5
3600,428,1217273760,1217277360,3600,3600,39600,0.0296607144944228,11,0,6,5
3600,429,1217277360,1217280960,3600,3600,39600,0.0296607144944228,11,0,6,5
3600,430,1217280960,1217284560,3600,3600,39600,0.0296607144944228,11,0,6,5
3600,431,1217284560,1217288160,3600,3600,39600,0.0296607144944228,11,0,6,5
3600,432,1217288160,1217291760,3600,3600,39600,0.0296607144944228,11,0,6,5
3600,433,1217291760,1217295360,3600,3600,39600,0.0296607144944228,11,0,6,5
3600,434,1217295360,1217298960,3600,3600,39600,0.0296607144944228,11,0,6,5
3600,435,1217298960,1217302560,3600,3600,39600,0.0296607144944228,11,0,6,5
3600,436,1217302560,1217306160,3600,3600,39600,0.0296607144944228,11,0,6,5
3600,437,1217306160,1217309760,3600,3600,39600,0.0296607144944228,11,0,6,5
3600,438,1217309760,1217313360,3600,3600,39600,0.0296607144944228,11,0,6,5
3600,439,1217313360,1217316960,3600,3600,43980,0.80687840499092,13,2,6,5
3600,440,1217316960,1217320560,3600,3600,46800,0.63992179727881,15,3,7,5
3600,441,1217320560,1217324160,3600,3600,48060,0.591252574356409,14,3,6,5
3600,442,1217324160,1217327760,3600,3600,50400,0.679916193138603,15,4,6,5
3600,443,1217327760,1217331360,3600,3600,53280,0.451577457005011,15,5,5,5
3600,444,1217331360,1217334960,3600,3600,55440,1.46313171703796,17,6,6,5
3600,445,1217334960,1217338560,3600,3600,57600,0.470650514030437,16,5,6,5
3600,446,1217338560,1217342160,3600,3600,57600,0.262362359768346,17,5,7,5
3600,447,1217342160,1217345760,3600,3600,57600,0.247484634463911,16,4,7,5
3600,448,1217345760,1217349360,3600,3600,57600,0.247484634463911,16,4,7,5
3600,449,1217349360,1217352960,3600,3600,57600,0.141209225021444,17,4,8,5
3600,450,1217352960,1217356560,3600,3600,57600,0.137544555730324,16,3,8,5
3600,451,1217356560,1217360160,3600,3600,57600,0.137544555730324,16,3,8,5
3600,452,1217360160,1217363760,3600,3600,57600,0.137544555730324,16,3,8,5
3600,453,1217363760,1217367360,3600,3600,59520,0.14361551000845,17,3,9,5
3600,454,1217367360,1217370960,3600,3600,61740,0.165114645361522,18,4,9,5
3600,455,1217370960,1217374560,3600,3600,64800,0.256841264066558,18,4,9,5
3600,456,1217374560,1217378160,3600,3600,64800,0.256841264066558,18,4,9,5
3600,457,1217378160,1217381760,3600,3600,64800,0.256841264066558,18,4,9,5
3600,458,1217381760,1217385360,3600,3600,64800,0.256841264066558,18,4,9,5
3600,459,1217385360,1217388960,3600,3600,66360,0.423507930733225,19,5,9,5
3600,460,1217388960,1217392560,3600,3600,68400,0.641456648681943,19,5,9,5
3600,461,1217392560,1217396160,3600,3600,68400,0.641456648681943,19,5,9,5
3600,462,1217396160,1217399760,3600,3600,65400,0.320943828169122,19,5,9,5
3600,463,1217399760,1217403360,3600,3600,68220,0.570028077253371,19,4,10,5
3600,464,1217403360,1217406960,3600,3600,68400,1.27309448729678,21,4,12,5
3600,465,1217406960,1217410560,3600,3600,70980,0.697766317511675,21,3,13,5
3600,466,1217410560,1217414160,3600,3600,72000,0.760222003454444,21,4,12,5
3600,467,1217414160,1217417760,3600,3600,72000,0.62575185984293,22,4,13,5
3600,468,1217417760,1217421360,3600,3600,72000,0.203577461516546,20,2,13,5
3600,469,1217421360,1217424960,3600,3600,72000,0.203577461516546,20,2,13,5
3600,470,1217424960,1217428560,3600,3600,72000,0.203577461516546,20,2,13,5
3600,471,1217428560,1217432160,3600,3600,72000,0.203577461516546,20,2,13,5
3600,472,1217432160,1217435760,3600,3600,72000,0.203577461516546,20,2,13,5
3600,473,1217435760,1217439360,3600,3600,72000,0.203577461516546,20,2,13,5
3600,474,1217439360,1217442960,3600,3600,72000,0.203577461516546,20,2,13,5
3600,475,1217442960,1217446560,3600,3600,72000,0.203577461516546,20,2,13,5
3600,476,1217446560,1217450160,3600,3600,72000,0.203577461516546,20,2,13,5
3600,477,1217450160,1217453760,3600,3600,72000,0.203577461516546,20,2,13,5
3600,478,1217453760,1217457360,3600,3600,72000,0.203577461516546,20,2,13,5
3600,479,1217457360,1217460960,3600,3600,72000,0.203577461516546,20,2,13,5
3600,480,1217460960,1217464560,3600,3600,72000,0.203577461516546,20,2,13,5
3600,481,1217464560,1217468160,3600,3600,72000,0.203577461516546,20,2,13,5
3600,482,1217468160,1217471760,3600,3600,72000,0.203577461516546,20,2,13,5
3600,483,1217471760,1217475360,3600,3600,72000,0.203577461516546,20,2,13,5
3600,484,1217475360,1217478960,3600,3600,72000,0.203577461516546,20,2,13,5
3600,485,1217478960,1217482560,3600,3600,72000,0.203577461516546,20,2,13,5
3600,486,1217482560,1217486160,3600,3600,72000,0.203577461516546,20,2,13,5
3600,487,1217486160,1217489760,3600,3600,71820,1.34321477445153,23,3,14,6
3600,488,1217489760,1217493360,3600,3600,72000,0.416365804833525,20,2,12,6
3600,489,1217493360,1217496960,3600,3600,72000,0.416365804833525,20,2,12,6
3600,490,1217496960,1217500560,3600,3600,72000,0.416365804833525,20,2,12,6
3600,491,1217500560,1217504160,3600,3600,72000,0.171838757612963,21,3,12,6
3600,492,1217504160,1217507760,3600,3600,72000,0.158968913022407,20,3,11,6
3600,493,1217507760,1217511360,3600,3600,72000,0.158968913022407,20,3,11,6
3600,494,1217511360,1217514960,3600,3600,72000,0.158968913022407,20,3,11,6
3600,495,1217514960,1217518560,3600,3600,72000,0.158968913022407,20,3,11,6
3600,496,1217518560,1217522160,3600,3600,72000,0.158968913022407,20,3,11,6
3600,497,1217522160,1217525760,3600,3600,72000,0.158968913022407,20,3,11,6
3600,498,1217525760,1217529360,3600,3600,72000,0.158968913022407,20,3,11,6
3600,499,1217529360,1217532960,3600,3600,69600,0.139389862606352,20,3,11,6
3600,500,1217532960,1217536560,3600,3600,68400,0.129600337398325,19,3,10,6
3600,501,1217536560,1217540160,3600,3600,68400,0.129600337398325,19,3,10,6
3600,502,1217540160,1217543760,3600,3600,68400,0.129600337398325,19,3,10,6
3600,503,1217543760,1217547360,3600,3600,68400,0.129600337398325,19,3,10,6
3600,504,1217547360,1217550960,3600,3600,68820,1.03477722123206,21,4,11,6
3600,505,1217550960,1217554560,3600,3600,72000,0.214899769270624,21,4,11,6
3600,506,1217554560,1217558160,3600,3600,72000,0.132006447670936,20,3,11,6
3600,507,1217558160,1217561760,3600,3600,72000,0.132006447670936,20,3,11,6
3600,508,1217561760,1217565360,3600,3600,72000,0.132006447670936,20,3,11,6
3600,509,1217565360,1217568960,3600,3600,72000,0.132006447670936,20,3,11,6
3600,510,1217568960,1217572560,3600,3600,72000,0.132006447670936,20,3,11,6
3600,511,1217572560,1217576160,3600,3600,72000,0.132006447670936,20,3,11,6
3600,512,1217576160,1217579760,3600,3600,72000,0.132006447670936,20,3,11,6
3600,513,1217579760,1217583360,3600,3600,70080,1.11533978100427,21,3,12,6
3600,514,1217583360,1217586960,3600,3600,68400,0.111173114337603,19,2,11,6
3600,515,1217586960,1217590560,3600,3600,68400,0.111173114337603,19,2,11,6
3600,516,1217590560,1217594160,3600,3600,68400,0.111173114337603,19,2,11,6
3600,517,1217594160,1217597760,3600,3600,68400,0.111173114337603,19,2,11,6
3600,518,1217597760,1217601360,3600,3600,68400,0.111173114337603,19,2,11,6
3600,519,1217601360,1217604960,3600,3600,68400,0.111173114337603,19,2,11,6
3600,520,1217604960,1217608560,3600,3600,68400,0.111173114337603,19,2,11,6
3600,521,1217608560,1217612160,3600,3600,68400,0.111173114337603,19,2,11,6
3600,522,1217612160,1217615760,3600,3600,68400,0.111173114337603,19,2,11,6
3600,523,1217615760,1217619360,3600,3600,70560,0.114200105004382,20,2,11,7
3600,524,1217619360,1217622960,3600,3600,74160,0.119287414154389,21,2,11,8
3600,525,1217622960,1217626560,3600,3600,75600,0.121333624402492,21,2,11,8
3600,526,1217626560,1217630160,3600,3600,75600,0.121333624402492,21,2,11,8
3600,527,1217630160,1217633760,3600,3600,75600,0.121333624402492,21,2,11,8
3600,528,1217633760,1217637360,3600,3600,77640,0.728476481545349,22,2,11,9
3600,529,1217637360,1217640960,3600,3600,76920,0.514190767259635,22,2,11,9
3600,530,1217640960,1217644560,3600,3600,75600,0.121333624402492,21,2,11,8
3600,531,1217644560,1217648160,3600,3600,75600,0.121333624402492,21,2,11,8
3600,532,1217648160,1217651760,3600,3600,75600,0.121333624402492,21,2,11,8
3600,533,1217651760,1217655360,3600,3600,75600,0.121333624402492,21,2,11,8
3600,534,1217655360,1217658960,3600,3600,75600,0.121333624402492,21,2,11,8
3600,535,1217658960,1217662560,3600,3600,76740,1.28795308157013,25,4,13,8
3600,536,1217662560,1217666160,3600,3600,79200,0.795195019674389,22,3,11,8
3600,537,1217666160,1217669760,3600,3600,79200,0.737372625851996,23,3,12,8
3600,538,1217669760,1217673360,3600,3600,79860,1.36649395342365,24,3,13,8
3600,539,1217673360,1217676960,3600,3600,82800,0.460864814350807,23,2,13,8
3600,540,1217676960,1217680560,3600,3600,82800,0.561980831029737,24,3,13,8
3600,541,1217680560,1217684160,3600,3600,82800,0.848718825997732,24,4,12,8
3600,542,1217684160,1217687760,3600,3600,82800,0.797351293272078,24,4,12,8
3600,543,1217687760,1217691360,3600,3600,82800,0.727097473018258,23,3,12,8
3600,544,1217691360,1217694960,3600,3600,82440,0.685139431060216,23,3,12,8
3600,545,1217694960,1217698560,3600,3600,79200,0.307517053437838,22,3,11,8
3600,546,1217698560,1217702160,3600,3600,79200,0.307517053437838,22,3,11,8
3600,547,1217702160,1217705760,3600,3600,79200,0.307517053437838,22,3,11,8
3600,548,1217705760,1217709360,3600,3600,79200,0.307517053437838,22,3,11,8
3600,549,1217709360,1217712960,3600,3600,75660,0.20983493423254,22,3,11,8
3600,550,1217712960,1217716560,3600,3600,75600,0.208179305093467,21,3,10,8
3600,551,1217716560,1217720160,3600,3600,75600,0.208179305093467,21,3,10,8
3600,552,1217720160,1217723760,3600,3600,75600,0.208179305093467,21,3,10,8
3600,553,1217723760,1217727360,3600,3600,75600,0.208179305093467,21,3,10,8
3600,554,1217727360,1217730960,3600,3600,75600,0.208179305093467,21,3,10,8
3600,555,1217730960,1217734560,3600,3600,75600,0.208179305093467,21,3,10,8
3600,556,1217734560,1217738160,3600,3600,75600,0.208179305093467,21,3,10,8
3600,557,1217738160,1217741760,3600,3600,75600,0.208179305093467,21,3,10,8
3600,558,1217741760,1217745360,3600,3600,76260,0.572573919108447,23,3,11,9
3600,559,1217745360,1217748960,3600,3600,77460,1.01026350392284,25,4,11,10
3600,560,1217748960,1217752560,3600,3600,79200,0.493789042131251,22,4,9,9
3600,561,1217752560,1217756160,3600,3600,79200,0.840408300819944,23,5,9,9
3600,562,1217756160,1217759760,3600,3600,79200,1.14181479739948,23,5,9,9
3600,563,1217759760,1217763360,3600,3600,79200,0.495669927848762,22,4,9,9
3600,564,1217763360,1217766960,3600,3600,79200,0.326522619460948,22,3,10,9
3600,565,1217766960,1217770560,3600,3600,79200,0.212487531741649,23,3,11,9
3600,566,1217770560,1217774160,3600,3600,79200,0.208555287337536,22,2,11,9
3600,567,1217774160,1217777760,3600,3600,79200,0.208555287337536,22,2,11,9
3600,568,1217777760,1217781360,3600,3600,79200,0.208555287337536,22,2,11,9
3600,569,1217781360,1217784960,3600,3600,79200,0.208555287337536,22,2,11,9
3600,570,1217784960,1217788560,3600,3600,79200,0.208555287337536,22,2,11,9
3600,571,1217788560,1217792160,3600,3600,79200,0.208555287337536,22,2,11,9
3600,572,1217792160,1217795760,3600,3600,79200,0.208555287337536,22,2,11,9
3600,573,1217795760,1217799360,3600,3600,79200,0.208555287337536,22,2,11,9
3600,574,1217799360,1217802960,3600,3600,79200,0.208555287337536,22,2,11,9
3600,575,1217802960,1217806560,3600,3600,79200,0.208555287337536,22,2,11,9
3600,576,1217806560,1217810160,3600,3600,79200,0.208555287337536,22,2,11,9
3600,577,1217810160,1217813760,3600,3600,79200,0.208555287337536,22,2,11,9
3600,578,1217813760,1217817360,3600,3600,79200,0.208555287337536,22,2,11,9
3600,579,1217817360,1217820960,3600,3600,79200,0.208555287337536,22,2,11,9
3600,580,1217820960,1217824560,3600,3600,79200,0.208555287337536,22,2,11,9
3600,581,1217824560,1217828160,3600,3600,79200,0.208555287337536,22,2,11,9
3600,582,1217828160,1217831760,3600,3600,79200,0.208555287337536,22,2,11,9
3600,583,1217831760,1217835360,3600,3600,79200,1.32630921732794,26,5,12,9
3600,584,1217835360,1217838960,3600,3600,79200,0.520453026094506,22,4,9,9
3600,585,1217838960,1217842560,3600,3600,79200,0.520453026094506,22,4,9,9
3600,586,1217842560,1217846160,3600,3600,79200,1.52667035768129,24,5,10,9
3600,587,1217846160,1217849760,3600,3600,79200,0.555585480215654,22,4,9,9
3600,588,1217849760,1217853360,3600,3600,79200,0.361673127970385,24,4,11,9
3600,589,1217853360,1217856960,3600,3600,79200,0.244930193256458,22,2,11,9
3600,590,1217856960,1217860560,3600,3600,79200,0.244930193256458,22,2,11,9
3600,591,1217860560,1217864160,3600,3600,79200,0.244930193256458,22,2,11,9
3600,592,1217864160,1217867760,3600,3600,79200,0.244930193256458,22,2,11,9
3600,593,1217867760,1217871360,3600,3600,79200,0.244930193256458,22,2,11,9
3600,594,1217871360,1217874960,3600,3600,79200,0.244930193256458,22,2,11,9
3600,595,1217874960,1217878560,3600,3600,79200,0.244930193256458,22,2,11,9
3600,596,1217878560,1217882160,3600,3600,79200,0.244930193256458,22,2,11,9
3600,597,1217882160,1217885760,3600,3600,79200,0.244930193256458,22,2,11,9
3600,598,1217885760,1217889360,3600,3600,79200,0.244930193256458,22,2,11,9
3600,599,1217889360,1217892960,3600,3600,79200,0.244930193256458,22,2,11,9
3600,600,1217892960,1217896560,3600,3600,79200,0.244930193256458,22,2,11,9
3600,601,1217896560,1217900160,3600,3600,79200,0.244930193256458,22,2,11,9
3600,602,1217900160,1217903760,3600,3600,79200,0.244930193256458,22,2,11,9
3600,603,1217903760,1217907360,3600,3600,79200,0.244930193256458,22,2,11,9
3600,604,1217907360,1217910960,3600,3600,79200,0.244930193256458,22,2,11,9
3600,605,1217910960,1217914560,3600,3600,79200,0.244930193256458,22,2,11,9
3600,606,1217914560,1217918160,3600,3600,79200,0.244930193256458,22,2,11,9
3600,607,1217918160,1217921760,3600,3600,79200,1.398705708449,26,5,12,9
3600,608,1217921760,1217925360,3600,3600,79200,0.516012671791126,23,4,10,9
3600,609,1217925360,1217928960,3600,3600,81000,1.50081710949919,24,4,11,9
3600,610,1217928960,1217932560,3600,3600,82800,0.504851400976744,23,3,11,9
3600,611,1217932560,1217936160,3600,3600,82800,0.457232024005572,24,3,12,9
3600,612,1217936160,1217939760,3600,3600,82800,0.314373893092055,23,2,12,9
3600,613,1217939760,1217943360,3600,3600,82800,0.314373893092055,23,2,12,9
3600,614,1217943360,1217946960,3600,3600,82800,0.258944284759114,24,2,13,9
3600,615,1217946960,1217950560,3600,3600,82800,0.237030253557719,23,1,13,9
3600,616,1217950560,1217954160,3600,3600,82800,0.237030253557719,23,1,13,9
3600,617,1217954160,1217957760,3600,3600,82800,0.237030253557719,23,1,13,9
3600,618,1217957760,1217961360,3600,3600,82800,0.260522904002579,24,2,13,9
3600,619,1217961360,1217964960,3600,3600,82800,0.311217570752014,23,2,12,9
3600,620,1217964960,1217968560,3600,3600,82800,0.311217570752014,23,2,12,9
3600,621,1217968560,1217972160,3600,3600,82800,0.311217570752014,23,2,12,9
3600,622,1217972160,1217975760,3600,3600,82800,0.311217570752014,23,2,12,9
3600,623,1217975760,1217979360,3600,3600,82800,0.311217570752014,23,2,12,9
3600,624,1217979360,1217982960,3600,3600,82800,0.311217570752014,23,2,12,9
3600,625,1217982960,1217986560,3600,3600,82800,0.311217570752014,23,2,12,9
3600,626,1217986560,1217990160,3600,3600,82800,0.311217570752014,23,2,12,9
3600,627,1217990160,1217993760,3600,3600,82800,0.311217570752014,23,2,12,9
3600,628,1217993760,1217997360,3600,3600,82800,0.311217570752014,23,2,12,9
3600,629,1217997360,1218000960,3600,3600,82800,0.311217570752014,23,2,12,9
3600,630,1218000960,1218004560,3600,3600,82800,1.48847154580868,27,4,14,9
3600,631,1218004560,1218008160,3600,3600,82800,1.40111634878972,25,4,12,9
3600,632,1218008160,1218011760,3600,3600,82800,0.777455060495662,23,4,10,9
3600,633,1218011760,1218015360,3600,3600,86400,2.02492980797041,25,5,11,9
3600,634,1218015360,1218018960,3600,3600,86400,1.03713569308486,25,4,12,9
3600,635,1218018960,1218022560,3600,3600,86400,0.820387340879354,24,3,12,9
3600,636,1218022560,1218026160,3600,3600,86400,1.54728627443901,28,4,15,9
3600,637,1218026160,1218029760,3600,3600,86400,0.319450132442541,24,1,14,9
3600,638,1218029760,1218033360,3600,3600,86400,0.319450132442541,24,1,14,9
3600,639,1218033360,1218036960,3600,3600,86400,0.319450132442541,24,1,14,9
3600,640,1218036960,1218040560,3600,3600,86400,0.319450132442541,24,1,14,9
3600,641,1218040560,1218044160,3600,3600,86400,0.319450132442541,24,1,14,9
3600,642,1218044160,1218047760,3600,3600,86400,0.319450132442541,24,1,14,9
3600,643,1218047760,1218051360,3600,3600,86400,0.319450132442541,24,1,14,9
3600,644,1218051360,1218054960,3600,3600,86400,0.319450132442541,24,1,14,9
3600,645,1218054960,1218058560,3600,3600,86400,0.319450132442541,24,1,14,9
3600,646,1218058560,1218062160,3600,3600,86400,0.497620630856003,25,1,15,9
3600,647,1218062160,1218065760,3600,3600,86400,1.19180878712292,26,2,15,9
3600,648,1218065760,1218069360,3600,3600,86400,0.473444292919662,24,2,13,9
3600,649,1218069360,1218072960,3600,3600,86400,0.473444292919662,24,2,13,9
3600,650,1218072960,1218076560,3600,3600,86400,0.473444292919662,24,2,13,9
3600,651,1218076560,1218080160,3600,3600,86400,0.473444292919662,24,2,13,9
3600,652,1218080160,1218083760,3600,3600,86400,0.473444292919662,24,2,13,9
3600,653,1218083760,1218087360,3600,3600,86400,0.473444292919662,24,2,13,9
3600,654,1218087360,1218090960,3600,3600,86400,0.436974987848766,27,4,14,9
3600,655,1218090960,1218094560,3600,3600,86760,1.13380601286298,29,8,12,9
3600,656,1218094560,1218098160,3600,3600,90000,1.62074073958326,26,8,9,9
3600,657,1218098160,1218101760,3600,3600,90000,0.908719518051169,25,7,9,9
3600,658,1218101760,1218105360,3600,3600,90000,0.908719518051169,25,7,9,9
3600,659,1218105360,1218108960,3600,3600,90000,0.812585485362553,26,7,10,9
3600,660,1218108960,1218112560,3600,3600,90000,0.590634339024137,26,6,11,9
3600,661,1218112560,1218116160,3600,3600,93060,0.854311517477713,28,5,14,9
3600,662,1218116160,1218119760,3600,3600,93600,0.849219504979358,27,4,14,9
3600,663,1218119760,1218123360,3600,3600,93600,0.781109413236239,26,4,13,9
3600,664,1218123360,1218126960,3600,3600,93600,0.781109413236239,26,4,13,9
3600,665,1218126960,1218130560,3600,3600,90180,0.325109413236239,26,4,13,9
3600,666,1218130560,1218134160,3600,3600,90000,0.301109413236239,25,3,13,9
3600,667,1218134160,1218137760,3600,3600,90000,0.301109413236239,25,3,13,9
3600,668,1218137760,1218141360,3600,3600,90000,0.301109413236239,25,3,13,9
3600,669,1218141360,1218144960,3600,3600,90000,0.301109413236239,25,3,13,9
3600,670,1218144960,1218148560,3600,3600,90000,0.301109413236239,25,3,13,9
3600,671,1218148560,1218152160,3600,3600,90000,0.301109413236239,25,3,13,9
3600,672,1218152160,1218155760,3600,3600,90000,0.27969786662607,26,3,14,9
3600,673,1218155760,1218159360,3600,3600,90000,0.255227527643019,25,2,14,9
3600,674,1218159360,1218162960,3600,3600,90000,0.255227527643019,25,2,14,9
3600,675,1218162960,1218166560,3600,3600,90000,0.255227527643019,25,2,14,9
3600,676,1218166560,1218170160,3600,3600,90000,0.255227527643019,25,2,14,9
3600,677,1218170160,1218173760,3600,3600,90000,0.255227527643019,25,2,14,9
3600,678,1218173760,1218177360,3600,3600,90000,0.286400310373198,26,3,14,9
3600,679,1218177360,1218180960,3600,3600,90000,0.348745875833556,25,3,13,9
3600,680,1218180960,1218184560,3600,3600,90000,0.348745875833556,25,3,13,9
3600,681,1218184560,1218188160,3600,3600,90000,0.348745875833556,25,3,13,9
3600,682,1218188160,1218191760,3600,3600,90000,0.348745875833556,25,3,13,9
3600,683,1218191760,1218195360,3600,3600,90000,0.348745875833556,25,3,13,9
3600,684,1218195360,1218198960,3600,3600,90000,0.348745875833556,25,3,13,9
3600,685,1218198960,1218202560,3600,3600,90000,0.276055909480015,26,3,14,9
3600,686,1218202560,1218206160,3600,3600,90000,0.253932876241981,25,2,14,9
3600,687,1218206160,1218209760,3600,3600,90000,0.253932876241981,25,2,14,9
3600,688,1218209760,1218213360,3600,3600,90000,0.253932876241981,25,2,14,9
3600,689,1218213360,1218216960,3600,3600,90000,0.253932876241981,25,2,14,9
3600,690,1218216960,1218220560,3600,3600,90000,0.258916009490964,26,3,14,9
3600,691,1218220560,1218224160,3600,3600,90000,0.313730475229778,25,3,13,9
3600,692,1218224160,1218227760,3600,3600,90000,0.313730475229778,25,3,13,9
3600,693,1218227760,1218231360,3600,3600,90000,0.313730475229778,25,3,13,9
3600,694,1218231360,1218234960,3600,3600,90000,0.313730475229778,25,3,13,9
3600,695,1218234960,1218238560,3600,3600,92340,0.402975326488359,26,4,13,9
3600,696,1218238560,1218242160,3600,3600,93600,0.451030246396826,26,4,13,9
3600,697,1218242160,1218245760,3600,3600,93600,0.451030246396826,26,4,13,9
3600,698,1218245760,1218249360,3600,3600,95520,0.5736356103815,27,4,14,9
3600,699,1218249360,1218252960,3600,3600,97200,0.68091530386809,27,4,14,9
3600,700,1218252960,1218256560,3600,3600,97200,0.68091530386809,27,4,14,9
3600,701,1218256560,1218260160,3600,3600,97200,0.68091530386809,27,4,14,9
3600,702,1218260160,1218263760,3600,3600,96360,3.65100074155806,35,8,18,9
3600,703,1218263760,1218267360,3600,3600,93600,0.675754149298137,26,5,12,9
3600,704,1218267360,1218270960,3600,3600,93600,0.675754149298137,26,5,12,9
3600,705,1218270960,1218274560,3600,3600,93600,0.675754149298137,26,5,12,9
3600,706,1218274560,1218278160,3600,3600,93840,1.67575414929814,27,6,12,9
3600,707,1218278160,1218281760,3600,3600,93600,0.675754149298137,26,5,12,9
3600,708,1218281760,1218285360,3600,3600,95820,0.566933071620135,28,5,14,9
3600,709,1218285360,1218288960,3600,3600,97200,0.677049842363054,30,6,15,9
3600,710,1218288960,1218292560,3600,3600,97200,0.699027996870096,27,5,13,9
3600,711,1218292560,1218296160,3600,3600,97200,0.699027996870096,27,5,13,9
3600,712,1218296160,1218299760,3600,3600,97200,0.699027996870096,27,5,13,9
3600,713,1218299760,1218303360,3600,3600,97200,0.584682820890587,28,5,14,9
3600,714,1218303360,1218306960,3600,3600,97200,0.470337644911078,27,4,14,9
3600,715,1218306960,1218310560,3600,3600,97320,0.87905545447769,28,4,15,9
3600,716,1218310560,1218314160,3600,3600,97200,1.07652241835432,29,4,16,9
3600,717,1218314160,1218317760,3600,3600,98940,1.41564149992711,29,3,16,10
3600,718,1218317760,1218321360,3600,3600,100800,0.432864881973037,28,3,15,10
3600,719,1218321360,1218324960,3600,3600,100800,0.89893473731734,29,3,16,10
3600,720,1218324960,1218328560,3600,3600,100800,0.977792201254236,29,3,16,10
3600,721,1218328560,1218332160,3600,3600,100800,0.598428984637864,29,3,16,10
3600,722,1218332160,1218335760,3600,3600,100800,0.841984577563675,28,3,16,9
3600,723,1218335760,1218339360,3600,3600,100800,0.841984577563675,28,3,16,9
3600,724,1218339360,1218342960,3600,3600,103020,1.53575538427071,31,3,18,10
3600,725,1218342960,1218346560,3600,3600,105780,1.55982892417745,31,3,17,11
3600,726,1218346560,1218350160,3600,3600,108720,1.69941968008321,34,5,19,10
3600,727,1218350160,1218353760,3600,3600,113760,5.13980547260718,39,9,20,10
3600,728,1218353760,1218357360,3600,3600,115200,1.49465155834611,32,6,16,10
3600,729,1218357360,1218360960,3600,3600,115200,1.49465155834611,32,6,16,10
3600,730,1218360960,1218364560,3600,3600,115200,1.53317943931372,34,7,16,11
3600,731,1218364560,1218368160,3600,3600,115200,1.64985645458604,33,7,15,11
3600,732,1218368160,1218371760,3600,3600,115380,1.19886303230883,34,5,18,11
3600,733,1218371760,1218375360,3600,3600,118800,0.988127889957787,34,4,19,11
3600,734,1218375360,1218378960,3600,3600,118800,0.632922787212342,34,3,19,12
3600,735,1218378960,1218382560,3600,3600,118800,0.532042978086186,33,3,18,12
3600,736,1218382560,1218386160,3600,3600,118800,0.532042978086186,33,3,18,12
3600,737,1218386160,1218389760,3600,3600,119700,0.535712254015736,34,3,18,13
3600,738,1218389760,1218393360,3600,3600,122400,0.580315988718152,35,3,19,13
3600,739,1218393360,1218396960,3600,3600,122400,0.584753183970914,34,3,19,12
3600,740,1218396960,1218400560,3600,3600,122400,0.584753183970914,34,3,19,12
3600,741,1218400560,1218404160,3600,3600,122400,0.584753183970914,34,3,19,12
3600,742,1218404160,1218407760,3600,3600,124320,0.692917761277246,36,3,20,13
3600,743,1218407760,1218411360,3600,3600,129600,1.07559214250515,36,3,20,13
3600,744,1218411360,1218414960,3600,3600,129600,1.07559214250515,36,3,20,13
3600,745,1218414960,1218418560,3600,3600,129600,1.07559214250515,36,3,20,13
3600,746,1218418560,1218422160,3600,3600,129600,2.24771846447574,39,3,22,14
3600,747,1218422160,1218425760,3600,3600,129600,1.30450526445666,38,4,21,13
3600,748,1218425760,1218429360,3600,3600,129600,0.611858865764331,36,4,19,13
3600,749,1218429360,1218432960,3600,3600,129600,0.635220141381049,37,4,20,13
3600,750,1218432960,1218436560,3600,3600,129600,1.69919574614037,41,7,21,13
3600,751,1218436560,1218440160,3600,3600,129600,1.6483175752378,39,7,19,13
3600,752,1218440160,1218443760,3600,3600,129600,1.34388883761124,37,6,18,13
3600,753,1218443760,1218447360,3600,3600,129600,2.09824766360365,38,5,19,14
3600,754,1218447360,1218450960,3600,3600,129660,2.05594650006865,38,7,18,13
3600,755,1218450960,1218454560,3600,3600,133200,1.50982093183955,38,7,18,13
3600,756,1218454560,1218458160,3600,3600,136680,1.36704299318659,39,6,20,13
3600,757,1218458160,1218461760,3600,3600,136800,0.881229684885247,39,5,21,13
3600,758,1218461760,1218465360,3600,3600,136800,0.824078206445406,38,4,21,13
3600,759,1218465360,1218468960,3600,3600,136800,0.824078206445406,38,4,21,13
3600,760,1218468960,1218472560,3600,3600,136800,0.7717287304539,39,4,22,13
3600,761,1218472560,1218476160,3600,3600,136800,0.733716829040059,39,4,23,12
3600,762,1218476160,1218479760,3600,3600,136800,1.68937377893371,40,4,24,12
3600,763,1218479760,1218483360,3600,3600,136800,0.72679676699686,38,3,23,12
3600,764,1218483360,1218486960,3600,3600,137700,1.10179676699686,39,3,24,12
3600,765,1218486960,1218490560,3600,3600,139320,1.38095628672242,40,3,25,12
3600,766,1218490560,1218494160,3600,3600,140400,1.83362028553497,41,3,25,13
3600,767,1218494160,1218497760,3600,3600,140400,0.850988418329038,39,3,24,12
3600,768,1218497760,1218501360,3600,3600,140400,0.850988418329038,39,3,24,12
3600,769,1218501360,1218504960,3600,3600,140400,0.93532537196193,40,3,25,12
3600,770,1218504960,1218508560,3600,3600,140400,1.03840387084658,39,3,25,11
3600,771,1218508560,1218512160,3600,3600,140400,1.03840387084658,39,3,25,11
3600,772,1218512160,1218515760,3600,3600,136800,1.01912366519105,38,3,25,10
3600,773,1218515760,1218519360,3600,3600,136800,2.18749278827117,42,3,27,12
3600,774,1218519360,1218522960,3600,3600,136800,2.4159582422584,45,9,26,10
3600,775,1218522960,1218526560,3600,3600,134820,3.51670045357635,46,16,21,9
3600,776,1218526560,1218530160,3600,3600,134040,3.29118183466705,38,14,14,10
3600,777,1218530160,1218533760,3600,3600,133200,2.2868464833041,38,14,14,10
3600,778,1218533760,1218537360,3600,3600,133200,2.27292801103088,37,13,14,10
3600,779,1218537360,1218540960,3600,3600,133200,2.248493432022,39,13,15,11
3600,780,1218540960,1218544560,3600,3600,133200,2.04441517039565,40,12,17,11
3600,781,1218544560,1218548160,3600,3600,133200,2.51755924292673,45,10,23,12
3600,782,1218548160,1218551760,3600,3600,133200,1.07182583306568,37,4,21,12
3600,783,1218551760,1218555360,3600,3600,133200,1.07182583306568,37,4,21,12
3600,784,1218555360,1218558960,3600,3600,133200,1.07182583306568,37,4,21,12
3600,785,1218558960,1218562560,3600,3600,133200,1.07182583306568,37,4,21,12
3600,786,1218562560,1218566160,3600,3600,133200,1.07182583306568,37,4,21,12
3600,787,1218566160,1218569760,3600,3600,133200,1.07182583306568,37,4,21,12
3600,788,1218569760,1218573360,3600,3600,133200,0.977575534980129,38,5,21,12
3600,789,1218573360,1218576960,3600,3600,133200,0.948890661649743,37,5,20,12
3600,790,1218576960,1218580560,3600,3600,134580,1.16375552651461,39,5,20,14
3600,791,1218580560,1218584160,3600,3600,140400,2.42577501956986,42,5,21,16
3600,792,1218584160,1218587760,3600,3600,142740,2.74613065126053,42,6,19,17
3600,793,1218587760,1218591360,3600,3600,144000,2.82300631528403,43,6,19,18
3600,794,1218591360,1218594960,3600,3600,146760,3.50451852476331,44,5,20,19
3600,795,1218594960,1218598560,3600,3600,147600,1.7100428464051,41,4,19,18
3600,796,1218598560,1218602160,3600,3600,147600,1.45753439746141,42,4,20,18
3600,797,1218602160,1218605760,3600,3600,149340,1.45231572874805,42,4,21,17
3600,798,1218605760,1218609360,3600,3600,152880,2.32006566669234,53,12,23,18
3600,799,1218609360,1218612960,3600,3600,156240,1.81076859837335,46,13,15,18
3600,800,1218612960,1218616560,3600,3600,158400,2.09148376006495,45,13,13,19
3600,801,1218616560,1218620160,3600,3600,158400,2.08659173027946,44,13,12,19
3600,802,1218620160,1218623760,3600,3600,162480,5.22651218182411,51,15,16,20
3600,803,1218623760,1218627360,3600,3600,165600,3.76924809819192,49,14,16,19
3600,804,1218627360,1218630960,3600,3600,165600,2.44544431119528,48,13,15,20
3600,805,1218630960,1218634560,3600,3600,170040,3.16736400548826,57,12,24,21
3600,806,1218634560,1218638160,3600,3600,178740,3.56956453172476,54,8,26,20
3600,807,1218638160,1218641760,3600,3600,180000,1.56824112622742,50,7,25,18
3600,808,1218641760,1218645360,3600,3600,180000,2.96044891843521,52,7,26,19
3600,809,1218645360,1218648960,3600,3600,185700,2.87731860324707,54,7,29,18
3600,810,1218648960,1218652560,3600,3600,187860,1.69158258582696,53,7,28,18
3600,811,1218652560,1218656160,3600,3600,190800,2.35300040660733,54,7,29,18
3600,812,1218656160,1218659760,3600,3600,190800,2.40836972728254,55,7,30,18
3600,813,1218659760,1218663360,3600,3600,190800,1.62573376787085,53,7,29,17
3600,814,1218663360,1218666960,3600,3600,191400,1.82311595121005,57,7,31,19
3600,815,1218666960,1218670560,3600,3600,196620,2.07648282860662,57,6,31,20
3600,816,1218670560,1218674160,3600,3600,201600,1.92571954856434,56,6,30,20
3600,817,1218674160,1218677760,3600,3600,205140,2.64890948193234,58,6,31,21
3600,818,1218677760,1218681360,3600,3600,205200,2.36630393021002,58,6,30,22
3600,819,1218681360,1218684960,3600,3600,205200,2.24341431982041,58,6,30,22
3600,820,1218684960,1218688560,3600,3600,205200,1.91224548865158,57,6,30,21
3600,821,1218688560,1218692160,3600,3600,205200,2.97998680962252,62,7,32,23
3600,822,1218692160,1218695760,3600,3600,207780,2.29638347409924,68,16,31,21
3600,823,1218695760,1218699360,3600,3600,212400,4.20388746771911,63,18,25,20
3600,824,1218699360,1218702960,3600,3600,212400,2.77579789406058,61,19,23,19
3600,825,1218702960,1218706560,3600,3600,212400,2.44435500599378,59,19,21,19
3600,826,1218706560,1218710160,3600,3600,213660,5.05045962508546,65,21,24,20
3600,827,1218710160,1218713760,3600,3600,216000,3.20016546155747,63,21,22,20
3600,828,1218713760,1218717360,3600,3600,216120,1.97617179276071,62,20,21,21
3600,829,1218717360,1218720960,3600,3600,219600,4.25789124653659,68,20,26,22
3600,830,1218720960,1218724560,3600,3600,219600,2.35930950063001,63,18,25,20
3600,831,1218724560,1218728160,3600,3600,222180,2.08739997878486,63,18,26,19
3600,832,1218728160,1218731760,3600,3600,223200,2.05639189244635,62,17,26,19
3600,833,1218731760,1218735360,3600,3600,223200,2.05639189244635,62,17,26,19
3600,834,1218735360,1218738960,3600,3600,223200,2.32739484183074,64,17,28,19
3600,835,1218738960,1218742560,3600,3600,223200,2.81371266685101,65,17,30,18
3600,836,1218742560,1218746160,3600,3600,223200,4.5150886249386,70,17,34,19
3600,837,1218746160,1218749760,3600,3600,224640,3.91811246215206,67,13,33,21
3600,838,1218749760,1218753360,3600,3600,226320,6.03080815508188,68,13,34,21
3600,839,1218753360,1218756960,3600,3600,221040,3.61476661198502,64,13,34,17
3600,840,1218756960,1218760560,3600,3600,219600,2.75554235725944,62,14,33,15
3600,841,1218760560,1218764160,3600,3600,219600,2.52967058313847,64,14,33,17
3600,842,1218764160,1218767760,3600,3600,219600,2.32847705985132,61,13,31,17
3600,843,1218767760,1218771360,3600,3600,221580,2.81645660835115,63,13,33,17
3600,844,1218771360,1218774960,3600,3600,219600,2.80485029386557,61,12,33,16
3600,845,1218774960,1218778560,3600,3600,220320,4.10907414393675,65,14,35,16
3600,846,1218778560,1218782160,3600,3600,216840,8.57942514740514,88,29,39,20
3600,847,1218782160,1218785760,3600,3600,216000,4.04153969520015,62,25,19,18
3600,848,1218785760,1218789360,3600,3600,216240,5.52910841028277,64,25,19,20
3600,849,1218789360,1218792960,3600,3600,219600,4.20276323920546,64,26,20,18
3600,850,1218792960,1218796560,3600,3600,219600,3.56485615943878,63,26,20,17
3600,851,1218796560,1218800160,3600,3600,219600,3.17303599446209,63,25,21,17
3600,852,1218800160,1218803760,3600,3600,219600,2.75441504575289,65,23,25,17
3600,853,1218803760,1218807360,3600,3600,219600,4.08744807668748,69,20,32,17
3600,854,1218807360,1218810960,3600,3600,219600,1.94043049126045,65,15,33,17
3600,855,1218810960,1218814560,3600,3600,219600,1.44847237382093,61,14,31,16
3600,856,1218814560,1218818160,3600,3600,219600,1.38267043422158,62,14,32,16
3600,857,1218818160,1218821760,3600,3600,219600,1.51374245080814,62,14,32,16
3600,858,1218821760,1218825360,3600,3600,219600,1.61325748618913,61,14,31,16
3600,859,1218825360,1218828960,3600,3600,219600,1.61325748618913,61,14,31,16
3600,860,1218828960,1218832560,3600,3600,219600,1.61325748618913,61,14,31,16
3600,861,1218832560,1218836160,3600,3600,218820,2.45690905969235,64,15,33,16
3600,862,1218836160,1218839760,3600,3600,216000,1.51524563553778,61,13,33,15
3600,863,1218839760,1218843360,3600,3600,216000,1.5528564314606,60,12,33,15
3600,864,1218843360,1218846960,3600,3600,216000,1.5528564314606,60,12,33,15
3600,865,1218846960,1218850560,3600,3600,216000,1.5528564314606,60,12,33,15
3600,866,1218850560,1218854160,3600,3600,217320,2.5528564314606,61,12,34,15
3600,867,1218854160,1218857760,3600,3600,216000,1.5528564314606,60,12,33,15
3600,868,1218857760,1218861360,3600,3600,216000,1.5528564314606,60,12,33,15
3600,869,1218861360,1218864960,3600,3600,212220,1.48367837229494,61,12,33,16
3600,870,1218864960,1218868560,3600,3600,212280,5.03906505828043,72,19,36,17
3600,871,1218868560,1218872160,3600,3600,212400,1.25311129191223,62,21,25,16
3600,872,1218872160,1218875760,3600,3600,214260,1.24076365927256,61,22,23,16
3600,873,1218875760,1218879360,3600,3600,212400,1.57818615563556,60,23,21,16
3600,874,1218879360,1218882960,3600,3600,212400,2.53118695910677,61,24,21,16
3600,875,1218882960,1218886560,3600,3600,212400,1.20743506363809,60,23,21,16
3600,876,1218886560,1218890160,3600,3600,212400,1.14277876633656,59,22,21,16
3600,877,1218890160,1218893760,3600,3600,209760,1.46380954359066,60,22,22,16
3600,878,1218893760,1218897360,3600,3600,205620,2.64764567503688,62,23,23,16
3600,879,1218897360,1218900960,3600,3600,201600,0.849430037149446,56,21,19,16
3600,880,1218900960,1218904560,3600,3600,201600,0.849430037149446,56,21,19,16
3600,881,1218904560,1218908160,3600,3600,201600,0.849430037149446,56,21,19,16
3600,882,1218908160,1218911760,3600,3600,201600,0.849430037149446,56,21,19,16
3600,883,1218911760,1218915360,3600,3600,201600,0.849430037149446,56,21,19,16
3600,884,1218915360,1218918960,3600,3600,201600,0.862884166067493,57,21,20,16
3600,885,1218918960,1218922560,3600,3600,201600,0.929455885442047,57,20,21,16
3600,886,1218922560,1218926160,3600,3600,201600,0.933061654672817,56,20,21,15
3600,887,1218926160,1218929760,3600,3600,201600,0.933061654672817,56,20,21,15
3600,888,1218929760,1218933360,3600,3600,201600,0.933061654672817,56,20,21,15
3600,889,1218933360,1218936960,3600,3600,201600,0.933061654672817,56,20,21,15
3600,890,1218936960,1218940560,3600,3600,201600,0.933061654672817,56,20,21,15
3600,891,1218940560,1218944160,3600,3600,202500,0.944835595018186,57,20,22,15
3600,892,1218944160,1218947760,3600,3600,205200,0.980157416054292,57,20,22,15
3600,893,1218947760,1218951360,3600,3600,205020,1.19631821502257,61,21,24,16
3600,894,1218951360,1218954960,3600,3600,205200,4.05587326742897,66,29,22,15
3600,895,1218954960,1218958560,3600,3600,205200,2.1026528692448,58,29,15,14
3600,896,1218958560,1218962160,3600,3600,205200,2.37115334001349,58,30,15,13
3600,897,1218962160,1218965760,3600,3600,205200,1.89510666877121,57,30,14,13
3600,898,1218965760,1218969360,3600,3600,205200,1.89510666877121,57,30,14,13
3600,899,1218969360,1218972960,3600,3600,204060,1.60297085844291,59,30,16,13
3600,900,1218972960,1218976560,3600,3600,201600,1.82997391407805,58,27,18,13
3600,901,1218976560,1218980160,3600,3600,201600,1.18060039110509,59,25,20,14
3600,902,1218980160,1218983760,3600,3600,201600,0.982496861454515,56,23,19,14
3600,903,1218983760,1218987360,3600,3600,199200,0.970790686447199,56,23,19,14
3600,904,1218987360,1218990960,3600,3600,198000,0.96493759894354,55,23,18,14
3600,905,1218990960,1218994560,3600,3600,198000,0.96493759894354,55,23,18,14
3600,906,1218994560,1218998160,3600,3600,198000,0.969120389859109,56,23,19,14
3600,907,1218998160,1219001760,3600,3600,198000,0.979700390410253,55,23,19,13
3600,908,1219001760,1219005360,3600,3600,198000,1.2421021052609,56,23,20,13
3600,909,1219005360,1219008960,3600,3600,198000,1.37330296268622,55,22,20,13
3600,910,1219008960,1219012560,3600,3600,198000,1.18276303360789,57,22,21,14
3600,911,1219012560,1219016160,3600,3600,198000,0.985013676183224,55,22,20,13
3600,912,1219016160,1219019760,3600,3600,198000,1.12708588968401,56,22,20,14
3600,913,1219019760,1219023360,3600,3600,198000,1.84040082232244,56,22,20,14
3600,914,1219023360,1219026960,3600,3600,198000,0.988295748554897,55,22,20,13
3600,915,1219026960,1219030560,3600,3600,198000,0.988295748554897,55,22,20,13
3600,916,1219030560,1219034160,3600,3600,198000,0.988295748554897,55,22,20,13
3600,917,1219034160,1219037760,3600,3600,198000,0.984239850603293,56,22,20,14
3600,918,1219037760,1219041360,3600,3600,198000,2.16673524031858,60,26,20,14
3600,919,1219041360,1219044960,3600,3600,198000,1.59952219032501,59,30,16,13
3600,920,1219044960,1219048560,3600,3600,198000,2.73504074770408,57,31,13,13
3600,921,1219048560,1219052160,3600,3600,194940,2.0015946793703,55,31,12,12
3600,922,1219052160,1219055760,3600,3600,194400,1.99611689482982,54,31,11,12
3600,923,1219055760,1219059360,3600,3600,194400,2.34746269306282,55,31,12,12
3600,924,1219059360,1219062960,3600,3600,194400,2.21412351010574,56,30,13,13
3600,925,1219062960,1219066560,3600,3600,194400,1.89813237118981,58,29,15,14
3600,926,1219066560,1219070160,3600,3600,194880,2.46778806764723,56,26,14,16
3600,927,1219070160,1219073760,3600,3600,194400,1.20664841834742,56,26,15,15
3600,928,1219073760,1219077360,3600,3600,194400,1.17378834616002,54,24,15,15
3600,929,1219077360,1219080960,3600,3600,194400,1.17328772753844,55,24,16,15
3600,930,1219080960,1219084560,3600,3600,194400,1.17078463443053,54,24,16,14
3600,931,1219084560,1219088160,3600,3600,194400,1.24735927929786,55,24,17,14
3600,932,1219088160,1219091760,3600,3600,194400,2.09784432140815,57,24,18,15
3600,933,1219091760,1219095360,3600,3600,194400,1.30045471135987,55,23,17,15
3600,934,1219095360,1219098960,3600,3600,194400,1.34300072490822,55,23,18,14
3600,935,1219098960,1219102560,3600,3600,194400,1.3901400181615,54,23,18,13
3600,936,1219102560,1219106160,3600,3600,194400,1.3901400181615,54,23,18,13
3600,937,1219106160,1219109760,3600,3600,194400,1.3901400181615,54,23,18,13
3600,938,1219109760,1219113360,3600,3600,194400,1.3901400181615,54,23,18,13
3600,939,1219113360,1219116960,3600,3600,194400,1.3901400181615,54,23,18,13
3600,940,1219116960,1219120560,3600,3600,195480,1.44127638179787,55,23,19,13
3600,941,1219120560,1219124160,3600,3600,197520,1.50624865791535,60,27,19,14
3600,942,1219124160,1219127760,3600,3600,191280,1.92552237875392,61,31,15,15
3600,943,1219127760,1219131360,3600,3600,190800,2.03578778398325,53,29,10,14
3600,944,1219131360,1219134960,3600,3600,190800,2.03578778398325,53,29,10,14
3600,945,1219134960,1219138560,3600,3600,192180,2.09332775462715,56,29,12,15
3600,946,1219138560,1219142160,3600,3600,192840,1.96548902858549,54,27,12,15
3600,947,1219142160,1219145760,3600,3600,190800,2.1394857429163,54,27,12,15
3600,948,1219145760,1219149360,3600,3600,190800,2.22581055883165,54,26,13,15
3600,949,1219149360,1219152960,3600,3600,189540,2.1629780573046,56,25,15,16
3600,950,1219152960,1219156560,3600,3600,186240,1.87235787317762,53,23,15,15
3600,951,1219156560,1219160160,3600,3600,177420,1.6895388615089,50,21,14,15
3600,952,1219160160,1219163760,3600,3600,176400,1.76419671148211,51,20,15,16
3600,953,1219163760,1219167360,3600,3600,176400,1.7650070266928,49,20,14,15
3600,954,1219167360,1219170960,3600,3600,176400,1.7650070266928,49,20,14,15
3600,955,1219170960,1219174560,3600,3600,176400,1.7650070266928,49,20,14,15
3600,956,1219174560,1219178160,3600,3600,88500,1.80498177842422,54,20,19,15
3600,957,1219178160,1219181760,3600,3600,61200,0.516179176191444,17,0,8,9
3600,958,1219181760,1219185360,3600,3600,61200,0.627959895237722,18,0,9,9
3600,959,1219185360,1219188960,3600,3600,61200,0.645156928937149,17,0,9,8
3600,960,1219188960,1219192560,3600,3600,61200,0.645156928937149,17,0,9,8
3600,961,1219192560,1219196160,3600,3600,61200,0.645156928937149,17,0,9,8
3600,962,1219196160,1219199760,3600,3600,61200,0.645156928937149,17,0,9,8
3600,963,1219199760,1219203360,3600,3600,61200,0.572340996864201,18,0,9,9
3600,964,1219203360,1219206960,3600,3600,61200,0.516658225279005,17,0,8,9
3600,965,1219206960,1219210560,3600,3600,61200,0.516658225279005,17,0,8,9
3600,966,1219210560,1219214160,3600,3600,61200,0.489973483254331,20,0,10,10
3600,967,1219214160,1219217760,3600,3600,61200,0.453388838667058,17,0,7,10
3600,968,1219217760,1219221360,3600,3600,61200,0.453388838667058,17,0,7,10
3600,969,1219221360,1219224960,3600,3600,61200,0.453388838667058,17,0,7,10
3600,970,1219224960,1219228560,3600,3600,61200,0.453388838667058,17,0,7,10
3600,971,1219228560,1219232160,3600,3600,60360,0.448198951340592,17,0,7,10
3600,972,1219232160,1219235760,3600,3600,54000,0.408904090154495,15,0,7,8
3600,973,1219235760,1219239360,3600,3600,54000,0.408904090154495,15,0,7,8
3600,974,1219239360,1219242960,3600,3600,54000,0.408904090154495,15,0,7,8
3600,975,1219242960,1219246560,3600,3600,54000,0.408904090154495,15,0,7,8
3600,976,1219246560,1219250160,3600,3600,54000,0.373468231882018,16,0,8,8
3600,977,1219250160,1219253760,3600,3600,54000,0.372867624114688,15,0,8,7
3600,978,1219253760,1219257360,3600,3600,54000,0.372867624114688,15,0,8,7
3600,979,1219257360,1219260960,3600,3600,54000,0.372867624114688,15,0,8,7
3600,980,1219260960,1219264560,3600,3600,54000,0.424061128582464,16,0,9,7
3600,981,1219264560,1219268160,3600,3600,54000,0.426755523554452,15,0,9,6
3600,982,1219268160,1219271760,3600,3600,51420,0.380618184498658,15,0,9,6
3600,983,1219271760,1219275360,3600,3600,50400,0.506328553019754,15,0,9,6
3600,984,1219275360,1219278960,3600,3600,50400,0.516610746724663,14,0,9,5
3600,985,1219278960,1219282560,3600,3600,50400,0.516610746724663,14,0,9,5
3600,986,1219282560,1219286160,3600,3600,50400,0.516610746724663,14,0,9,5
3600,987,1219286160,1219289760,3600,3600,50400,0.516610746724663,14,0,9,5
3600,988,1219289760,1219293360,3600,3600,49740,0.495698199196146,14,0,9,5
3600,989,1219293360,1219296960,3600,3600,44100,1.29174407024971,15,0,8,7
3600,990,1219296960,1219300560,3600,3600,43200,0.267819331746884,13,0,6,7
3600,991,1219300560,1219304160,3600,3600,42060,0.268346267303173,12,0,5,7
3600,992,1219304160,1219307760,3600,3600,39600,0.251998579902855,11,0,5,6
3600,993,1219307760,1219311360,3600,3600,39600,0.251998579902855,11,0,5,6
3600,994,1219311360,1219314960,3600,3600,39600,0.251998579902855,11,0,5,6
3600,995,1219314960,1219318560,3600,3600,37140,0.540562035414865,12,0,5,7
3600,996,1219318560,1219322160,3600,3600,36000,0.752613996672104,10,0,3,7
3600,997,1219322160,1219325760,3600,3600,33180,2.04234922731753,13,0,5,8
3600,998,1219325760,1219329360,3600,3600,21240,0.588584361192478,8,0,2,6
3600,999,1219329360,1219332960,3600,3600,18000,0.254179735075877,5,0,0,5
3600,1000,1219332960,1219336560,3600,3600,18000,0.254179735075877,5,0,0,5
3600,1001,1219336560,1219340160,3600,3600,18000,0.254179735075877,5,0,0,5
3600,1002,1219340160,1219343760,3600,3600,17520,0.243295381334381,5,0,0,5
3600,1003,1219343760,1219347360,3600,3600,14400,0.172547082014653,4,0,0,4
3600,1004,1219347360,1219350960,3600,3600,14580,1.17254708201465,5,0,0,5
3600,1005,1219350960,1219354560,3600,3600,14400,0.172547082014653,4,0,0,4
3600,1006,1219354560,1219358160,3600,3600,12540,0.579195467981563,5,0,1,4
3600,1007,1219358160,1219361760,3600,3600,7740,0.619086849838797,3,0,1,2
3600,1008,1219361760,1219362120,360,360,360,0.000599161174355902,1,0,0,1
